id,symbol,name,signal,direction,strategy,strategy_name,strategy_votes,entry_price,stop_loss,take_profit,shares,entry_time,status,reason,exit_price,exit_time,exit_reason,pnl_amount,result
2026-10-06_2303_091433,2303,聯電,BUY,做多,,VWAP 動能突破,"[{'key': 'vwap_momentum', 'name': 'VWAP 動能突破', 'reason': '站回 VWAP 與 EMA20，量能確認'}, {'key': 'ema_pullback', 'name': 'EMA 趨勢回檔', 'reason': '多頭排列中回測 EMA9 後收復'}, {'key': 'macd_volume', 'name': 'MACD 量能確認', 'reason': 'MACD 黃金交叉、VWAP 上方且量能確認'}, {'key': 'ema_momentum', 'name': 'EMA 快慢線動能', 'reason': 'EMA9 上穿 EMA20 且位於 VWAP 上方'}]",148.5,147.0,150.5,1000,09:14:33,closed,VWAP 動能突破：站回 VWAP 與 EMA20，量能確認；多頭排列中回測 EMA9 後收復；MACD 黃金交叉、VWAP 上方且量能確認；EMA9 上穿 EMA20 且位於 VWAP 上方,147.0,10:37:24,hit_sl,-1838.4,loss
2026-10-06_2344_091537,2344,華邦電,BUY,做多,,VWAP 動能突破,"[{'key': 'vwap_momentum', 'name': 'VWAP 動能突破', 'reason': '站回 VWAP 與 EMA20，量能確認'}]",181.5,180.0,184.0,1000,09:15:37,closed,VWAP 動能突破：站回 VWAP 與 EMA20，量能確認,180.0,09:20:38,hit_sl,-1914.24,loss
2026-10-06_2409_091725,2409,友達,SHORT,放空,,EMA 趨勢回檔,"[{'key': 'ema_pullback', 'name': 'EMA 趨勢回檔', 'reason': '空頭排列中反彈 EMA9 後轉弱'}]",38.25,38.55,37.85,1000,09:17:25,closed,EMA 趨勢回檔：空頭排列中反彈 EMA9 後轉弱,38.55,09:24:28,hit_sl,-397.37,loss
2026-10-06_3481_091725,3481,群創,SHORT,放空,,EMA 趨勢回檔,"[{'key': 'ema_pullback', 'name': 'EMA 趨勢回檔', 'reason': '空頭排列中反彈 EMA9 後轉弱'}]",51.6,52.0,51.1,1000,09:17:25,closed,EMA 趨勢回檔：空頭排列中反彈 EMA9 後轉弱,51.1,10:31:21,hit_tp,381.62,win
2026-10-06_2313_092038,2313,華通,BUY,做多,,EMA 快慢線動能,"[{'key': 'ema_momentum', 'name': 'EMA 快慢線動能', 'reason': 'EMA9 上穿 EMA20 且位於 VWAP 上方'}]",253.0,250.5,256.5,1000,09:20:38,closed,EMA 快慢線動能：EMA9 上穿 EMA20 且位於 VWAP 上方,250.5,10:17:52,hit_sl,-3076.65,loss
2026-10-06_1714_092038,1714,和桐,SHORT,放空,,EMA 趨勢回檔,"[{'key': 'ema_pullback', 'name': 'EMA 趨勢回檔', 'reason': '空頭排列中反彈 EMA9 後轉弱'}]",17.1,17.25,16.85,1000,09:20:38,closed,EMA 趨勢回檔：空頭排列中反彈 EMA9 後轉弱,17.25,09:22:25,hit_sl,-215.65,loss
2026-10-06_2344_092225,2344,華邦電,SHORT,放空,,EMA 趨勢回檔,"[{'key': 'ema_pullback', 'name': 'EMA 趨勢回檔', 'reason': '空頭排列中反彈 EMA9 後轉弱'}]",180.0,181.5,178.0,1000,09:22:25,closed,EMA 趨勢回檔：空頭排列中反彈 EMA9 後轉弱,178.0,11:55:31,hit_tp,1587.16,win
2026-10-06_1303_092428,1303,南亞,SHORT,放空,,EMA 趨勢回檔,"[{'key': 'ema_pullback', 'name': 'EMA 趨勢回檔', 'reason': '空頭排列中反彈 EMA9 後轉弱'}]",276.5,278.5,274.0,1000,09:24:28,closed,EMA 趨勢回檔：空頭排列中反彈 EMA9 後轉弱,278.5,09:30:41,hit_sl,-2636.2,loss
2026-10-06_2409_092827,2409,友達,SHORT,放空,,KD 順勢交叉,"[{'key': 'stochastic_trend', 'name': 'KD 順勢交叉', 'reason': 'KD 向下交叉並符合空頭趨勢'}]",38.45,38.65,38.15,1000,09:28:27,closed,KD 順勢交叉：KD 向下交叉並符合空頭趨勢,38.65,09:36:38,hit_sl,-297.67,loss
2026-10-06_2317_092827,2317,鴻海,SHORT,放空,,KD 順勢交叉,"[{'key': 'stochastic_trend', 'name': 'KD 順勢交叉', 'reason': 'KD 向下交叉並符合空頭趨勢'}]",259.0,260.5,257.5,1000,09:28:27,closed,KD 順勢交叉：KD 向下交叉並符合空頭趨勢,257.5,09:32:28,hit_tp,905.42,win
2026-10-06_1303_093830,1303,南亞,BUY,做多,,VWAP 動能突破,"[{'key': 'vwap_momentum', 'name': 'VWAP 動能突破', 'reason': '站回 VWAP 與 EMA20，量能確認'}, {'key': 'ema_pullback', 'name': 'EMA 趨勢回檔', 'reason': '多頭排列中回測 EMA9 後收復'}, {'key': 'range_breakout', 'name': '區間高低突破', 'reason': '放量突破前20根區間高點'}]",281.5,280.0,283.5,1000,09:38:30,closed,VWAP 動能突破：站回 VWAP 與 EMA20，量能確認；多頭排列中回測 EMA9 後收復；放量突破前20根區間高點,280.0,09:40:40,hit_sl,-2144.04,loss
2026-10-06_2409_094040,2409,友達,SHORT,放空,,EMA 快慢線動能,"[{'key': 'ema_momentum', 'name': 'EMA 快慢線動能', 'reason': 'EMA9 下穿 EMA20 且位於 VWAP 下方'}]",38.3,38.5,38.05,1000,09:40:40,closed,EMA 快慢線動能：EMA9 下穿 EMA20 且位於 VWAP 下方,38.05,10:15:15,hit_tp,152.55,win
2026-10-06_2317_094721,2317,鴻海,SHORT,放空,,EMA 趨勢回檔,"[{'key': 'ema_pullback', 'name': 'EMA 趨勢回檔', 'reason': '空頭排列中反彈 EMA9 後轉弱'}]",256.0,257.0,254.5,1000,09:47:21,closed,EMA 趨勢回檔：空頭排列中反彈 EMA9 後轉弱,257.0,10:02:36,hit_sl,-1588.69,loss
2026-10-06_1303_095328,1303,南亞,BUY,做多,,EMA 趨勢回檔,"[{'key': 'ema_pullback', 'name': 'EMA 趨勢回檔', 'reason': '多頭排列中回測 EMA9 後收復'}]",281.0,279.5,283.0,1000,09:53:28,closed,EMA 趨勢回檔：多頭排列中回測 EMA9 後收復,283.0,10:02:36,hit_tp,1350.46,win
2026-10-06_1714_100427,1714,和桐,BUY,做多,,EMA 趨勢回檔,"[{'key': 'ema_pullback', 'name': 'EMA 趨勢回檔', 'reason': '多頭排列中回測 EMA9 後收復'}]",17.65,17.55,17.8,1000,10:04:27,closed,EMA 趨勢回檔：多頭排列中回測 EMA9 後收復,17.8,10:11:11,hit_tp,83.3,win
2026-10-06_2317_100726,2317,鴻海,SHORT,放空,,EMA 趨勢回檔,"[{'key': 'ema_pullback', 'name': 'EMA 趨勢回檔', 'reason': '空頭排列中反彈 EMA9 後轉弱'}]",256.0,257.0,254.5,1000,10:07:26,closed,EMA 趨勢回檔：空頭排列中反彈 EMA9 後轉弱,254.5,10:15:15,hit_tp,912.31,win
2026-10-06_1303_101515,1303,南亞,BUY,做多,,KD 順勢交叉,"[{'key': 'stochastic_trend', 'name': 'KD 順勢交叉', 'reason': 'KD 向上交叉並符合多頭趨勢'}]",281.5,280.0,283.5,1000,10:15:15,closed,KD 順勢交叉：KD 向上交叉並符合多頭趨勢,280.0,10:21:22,hit_sl,-2144.04,loss
2026-10-06_2409_101947,2409,友達,SHORT,放空,,EMA 趨勢回檔,"[{'key': 'ema_pullback', 'name': 'EMA 趨勢回檔', 'reason': '空頭排列中反彈 EMA9 後轉弱'}]",38.05,38.2,37.8,1000,10:19:47,closed,EMA 趨勢回檔：空頭排列中反彈 EMA9 後轉弱,37.8,10:27:23,hit_tp,152.93,win
2026-10-06_2317_101947,2317,鴻海,SHORT,放空,,EMA 趨勢回檔,"[{'key': 'ema_pullback', 'name': 'EMA 趨勢回檔', 'reason': '空頭排列中反彈 EMA9 後轉弱'}]",255.0,256.0,253.5,1000,10:19:47,closed,EMA 趨勢回檔：空頭排列中反彈 EMA9 後轉弱,253.5,10:39:26,hit_tp,914.61,win
2026-10-06_1714_102529,1714,和桐,BUY,做多,,EMA 趨勢回檔,"[{'key': 'ema_pullback', 'name': 'EMA 趨勢回檔', 'reason': '多頭排列中回測 EMA9 後收復'}]",18.4,18.2,18.7,1000,10:25:29,closed,EMA 趨勢回檔：多頭排列中回測 EMA9 後收復,18.2,10:31:21,hit_sl,-267.3,loss
2026-10-06_2409_102830,2409,友達,BUY,做多,,RSI 布林反轉,"[{'key': 'rsi_reversal', 'name': 'RSI 布林反轉', 'reason': 'RSI 超賣且收盤低於布林下軌'}]",37.85,37.7,38.1,1000,10:28:30,closed,RSI 布林反轉：RSI 超賣且收盤低於布林下軌,37.7,10:31:21,hit_sl,-246.55,loss
2026-10-06_1303_103121,1303,南亞,SHORT,放空,,EMA 趨勢回檔,"[{'key': 'ema_pullback', 'name': 'EMA 趨勢回檔', 'reason': '空頭排列中反彈 EMA9 後轉弱'}]",280.0,281.5,278.0,1000,10:31:21,closed,EMA 趨勢回檔：空頭排列中反彈 EMA9 後轉弱,281.5,10:32:25,hit_sl,-2144.04,loss
2026-10-06_6182_103121,6182,合晶,SHORT,放空,,EMA 趨勢回檔,"[{'key': 'ema_pullback', 'name': 'EMA 趨勢回檔', 'reason': '空頭排列中反彈 EMA9 後轉弱'}]",130.0,131.0,129.0,1000,10:31:21,closed,EMA 趨勢回檔：空頭排列中反彈 EMA9 後轉弱,129.0,10:50:41,hit_tp,701.66,win
2026-10-06_2313_103225,2313,華通,BUY,做多,,RSI 布林反轉,"[{'key': 'rsi_reversal', 'name': 'RSI 布林反轉', 'reason': 'RSI 超賣且收盤低於布林下軌'}]",249.0,247.5,250.5,1000,10:32:25,closed,RSI 布林反轉：RSI 超賣且收盤低於布林下軌,250.5,10:44:25,hit_tp,924.95,win
2026-10-06_3481_103225,3481,群創,BUY,做多,,RSI 布林反轉,"[{'key': 'rsi_reversal', 'name': 'RSI 布林反轉', 'reason': 'RSI 超賣且收盤低於布林下軌'}]",51.0,50.8,51.3,1000,10:32:25,closed,RSI 布林反轉：RSI 超賣且收盤低於布林下軌,50.8,10:34:28,hit_sl,-316.82,loss
2026-10-06_1815_103428,1815,富喬,SHORT,放空,,EMA 趨勢回檔,"[{'key': 'ema_pullback', 'name': 'EMA 趨勢回檔', 'reason': '空頭排列中反彈 EMA9 後轉弱'}]",128.0,129.0,126.5,1000,10:34:28,closed,EMA 趨勢回檔：空頭排列中反彈 EMA9 後轉弱,126.5,10:50:41,hit_tp,1206.45,win
2026-10-06_1303_103531,1303,南亞,SHORT,放空,,EMA 趨勢回檔,"[{'key': 'ema_pullback', 'name': 'EMA 趨勢回檔', 'reason': '空頭排列中反彈 EMA9 後轉弱'}]",280.0,281.5,278.0,1000,10:35:31,closed,EMA 趨勢回檔：空頭排列中反彈 EMA9 後轉弱,281.5,10:38:26,hit_sl,-2144.04,loss
2026-10-06_3481_103826,3481,群創,SHORT,放空,,EMA 趨勢回檔,"[{'key': 'ema_pullback', 'name': 'EMA 趨勢回檔', 'reason': '空頭排列中反彈 EMA9 後轉弱'}]",50.9,51.1,50.6,1000,10:38:26,closed,EMA 趨勢回檔：空頭排列中反彈 EMA9 後轉弱,51.1,10:58:23,hit_sl,-317.05,loss
2026-10-06_2303_103926,2303,聯電,SHORT,放空,,EMA 趨勢回檔,"[{'key': 'ema_pullback', 'name': 'EMA 趨勢回檔', 'reason': '空頭排列中反彈 EMA9 後轉弱'}]",147.0,148.0,146.0,1000,10:39:26,closed,EMA 趨勢回檔：空頭排列中反彈 EMA9 後轉弱,146.0,10:42:23,hit_tp,662.59,win
2026-10-06_1303_103926,1303,南亞,BUY,做多,,EMA 趨勢回檔,"[{'key': 'ema_pullback', 'name': 'EMA 趨勢回檔', 'reason': '多頭排列中回測 EMA9 後收復'}]",281.0,279.5,283.0,1000,10:39:26,closed,EMA 趨勢回檔：多頭排列中回測 EMA9 後收復,283.0,10:42:23,hit_tp,1350.46,win
2026-10-06_2409_104539,2409,友達,SHORT,放空,,EMA 趨勢回檔,"[{'key': 'ema_pullback', 'name': 'EMA 趨勢回檔', 'reason': '空頭排列中反彈 EMA9 後轉弱'}]",37.5,37.65,37.25,1000,10:45:39,closed,EMA 趨勢回檔：空頭排列中反彈 EMA9 後轉弱,37.65,11:04:39,hit_sl,-246.25,loss
2026-10-06_2303_104539,2303,聯電,SHORT,放空,,EMA 趨勢回檔,"[{'key': 'ema_pullback', 'name': 'EMA 趨勢回檔', 'reason': '空頭排列中反彈 EMA9 後轉弱'}]",146.5,147.5,145.0,1000,10:45:39,closed,EMA 趨勢回檔：空頭排列中反彈 EMA9 後轉弱,147.5,10:58:23,hit_sl,-1337.06,loss
2026-10-06_1303_104539,1303,南亞,BUY,做多,,EMA 趨勢回檔,"[{'key': 'ema_pullback', 'name': 'EMA 趨勢回檔', 'reason': '多頭排列中回測 EMA9 後收復'}]",282.5,281.0,284.5,1000,10:45:39,closed,EMA 趨勢回檔：多頭排列中回測 EMA9 後收復,284.5,10:52:23,hit_tp,1347.02,win
2026-10-06_2317_104855,2317,鴻海,SHORT,放空,,EMA 趨勢回檔,"[{'key': 'ema_pullback', 'name': 'EMA 趨勢回檔', 'reason': '空頭排列中反彈 EMA9 後轉弱'}]",254.0,255.0,252.5,1000,10:48:55,closed,EMA 趨勢回檔：空頭排列中反彈 EMA9 後轉弱,255.0,10:55:30,hit_sl,-1584.09,loss
2026-10-06_6182_105223,6182,合晶,SHORT,放空,,EMA 趨勢回檔,"[{'key': 'ema_pullback', 'name': 'EMA 趨勢回檔', 'reason': '空頭排列中反彈 EMA9 後轉弱'}]",129.5,130.5,128.5,1000,10:52:23,closed,EMA 趨勢回檔：空頭排列中反彈 EMA9 後轉弱,130.5,10:58:23,hit_sl,-1297.99,loss
2026-10-06_1815_105223,1815,富喬,SHORT,放空,,EMA 趨勢回檔,"[{'key': 'ema_pullback', 'name': 'EMA 趨勢回檔', 'reason': '空頭排列中反彈 EMA9 後轉弱'}]",126.5,127.5,125.5,1000,10:52:23,closed,EMA 趨勢回檔：空頭排列中反彈 EMA9 後轉弱,127.5,10:55:30,hit_sl,-1291.1,loss
2026-10-06_1303_105823,1303,南亞,SHORT,放空,,RSI 布林反轉,"[{'key': 'rsi_reversal', 'name': 'RSI 布林反轉', 'reason': 'RSI 過熱且收盤高於布林上軌'}]",289.5,291.0,287.0,1000,10:58:23,closed,RSI 布林反轉：RSI 過熱且收盤高於布林上軌,291.0,11:02:48,hit_sl,-2165.87,loss
2026-10-06_1303_111040,1303,南亞,BUY,做多,,EMA 趨勢回檔,"[{'key': 'ema_pullback', 'name': 'EMA 趨勢回檔', 'reason': '多頭排列中回測 EMA9 後收復'}]",294.5,292.0,298.0,1000,11:10:40,closed,EMA 趨勢回檔：多頭排列中回測 EMA9 後收復,298.0,11:20:41,hit_tp,2816.59,win
2026-10-06_1815_111040,1815,富喬,SHORT,放空,,EMA 趨勢回檔,"[{'key': 'ema_pullback', 'name': 'EMA 趨勢回檔', 'reason': '空頭排列中反彈 EMA9 後轉弱'}, {'key': 'ema_momentum', 'name': 'EMA 快慢線動能', 'reason': 'EMA9 下穿 EMA20 且位於 VWAP 下方'}]",127.0,128.0,126.0,1000,11:10:40,closed,EMA 趨勢回檔：空頭排列中反彈 EMA9 後轉弱；EMA9 下穿 EMA20 且位於 VWAP 下方,128.0,11:20:41,hit_sl,-1292.24,loss
2026-10-06_2409_111227,2409,友達,SHORT,放空,,EMA 快慢線動能,"[{'key': 'ema_momentum', 'name': 'EMA 快慢線動能', 'reason': 'EMA9 下穿 EMA20 且位於 VWAP 下方'}]",37.45,37.6,37.2,1000,11:12:27,closed,EMA 快慢線動能：EMA9 下穿 EMA20 且位於 VWAP 下方,37.6,11:15:36,hit_sl,-246.17,loss
2026-10-06_2313_111227,2313,華通,BUY,做多,,EMA 趨勢回檔,"[{'key': 'ema_pullback', 'name': 'EMA 趨勢回檔', 'reason': '多頭排列中回測 EMA9 後收復'}]",253.0,252.0,254.5,1000,11:12:27,closed,EMA 趨勢回檔：多頭排列中回測 EMA9 後收復,252.0,11:15:36,hit_sl,-1579.49,loss
2026-10-06_6182_111536,6182,合晶,SHORT,放空,,EMA 趨勢回檔,"[{'key': 'ema_pullback', 'name': 'EMA 趨勢回檔', 'reason': '空頭排列中反彈 EMA9 後轉弱'}, {'key': 'ema_momentum', 'name': 'EMA 快慢線動能', 'reason': 'EMA9 下穿 EMA20 且位於 VWAP 下方'}]",130.0,131.0,128.5,1000,11:15:36,closed,EMA 趨勢回檔：空頭排列中反彈 EMA9 後轉弱；EMA9 下穿 EMA20 且位於 VWAP 下方,128.5,12:10:36,hit_tp,1201.86,win
2026-10-06_2313_112227,2313,華通,SHORT,放空,,VWAP 動能突破,"[{'key': 'vwap_momentum', 'name': 'VWAP 動能突破', 'reason': '跌回 VWAP 與 EMA20 下方，量能確認'}]",252.0,253.0,250.5,1000,11:22:27,closed,VWAP 動能突破：跌回 VWAP 與 EMA20 下方，量能確認,250.5,11:45:32,hit_tp,921.5,win
2026-10-06_2317_112425,2317,鴻海,SHORT,放空,,EMA 趨勢回檔,"[{'key': 'ema_pullback', 'name': 'EMA 趨勢回檔', 'reason': '空頭排列中反彈 EMA9 後轉弱'}, {'key': 'ema_momentum', 'name': 'EMA 快慢線動能', 'reason': 'EMA9 下穿 EMA20 且位於 VWAP 下方'}]",254.5,255.5,253.0,1000,11:24:25,closed,EMA 趨勢回檔：空頭排列中反彈 EMA9 後轉弱；EMA9 下穿 EMA20 且位於 VWAP 下方,255.5,11:35:52,hit_sl,-1585.24,loss
2026-10-06_1303_112800,1303,南亞,BUY,做多,,EMA 趨勢回檔,"[{'key': 'ema_pullback', 'name': 'EMA 趨勢回檔', 'reason': '多頭排列中回測 EMA9 後收復'}]",298.0,296.0,300.5,1000,11:28:00,closed,EMA 趨勢回檔：多頭排列中回測 EMA9 後收復,296.0,11:48:27,hit_sl,-2681.01,loss
2026-10-06_2303_113007,2303,聯電,SHORT,放空,,EMA 趨勢回檔,"[{'key': 'ema_pullback', 'name': 'EMA 趨勢回檔', 'reason': '空頭排列中反彈 EMA9 後轉弱'}]",147.0,148.0,146.0,1000,11:30:07,closed,EMA 趨勢回檔：空頭排列中反彈 EMA9 後轉弱,148.0,12:00:53,hit_sl,-1338.2,loss
2026-10-06_1815_114325,1815,富喬,SHORT,放空,,VWAP 動能突破,"[{'key': 'vwap_momentum', 'name': 'VWAP 動能突破', 'reason': '跌回 VWAP 與 EMA20 下方，量能確認'}]",128.5,130.0,126.5,1000,11:43:25,closed,VWAP 動能突破：跌回 VWAP 與 EMA20 下方，量能確認,127.0,13:25:00,forced_close,1205.31,win
2026-10-06_3481_114827,3481,群創,SHORT,放空,,EMA 趨勢回檔,"[{'key': 'ema_pullback', 'name': 'EMA 趨勢回檔', 'reason': '空頭排列中反彈 EMA9 後轉弱'}, {'key': 'range_breakout', 'name': '區間高低突破', 'reason': '放量跌破前20根區間低點'}]",51.2,51.4,50.9,1000,11:48:27,closed,EMA 趨勢回檔：空頭排列中反彈 EMA9 後轉弱；放量跌破前20根區間低點,50.9,13:02:39,hit_tp,182.46,win
2026-10-06_2409_114931,2409,友達,BUY,做多,,RSI 布林反轉,"[{'key': 'rsi_reversal', 'name': 'RSI 布林反轉', 'reason': 'RSI 超賣且收盤低於布林下軌'}]",37.4,37.25,37.65,1000,11:49:31,closed,RSI 布林反轉：RSI 超賣且收盤低於布林下軌,37.25,12:44:25,hit_sl,-245.87,loss
2026-10-06_2313_114931,2313,華通,SHORT,放空,,EMA 趨勢回檔,"[{'key': 'ema_pullback', 'name': 'EMA 趨勢回檔', 'reason': '空頭排列中反彈 EMA9 後轉弱'}]",250.5,251.5,249.0,1000,11:49:31,closed,EMA 趨勢回檔：空頭排列中反彈 EMA9 後轉弱,251.5,11:52:25,hit_sl,-1576.05,loss
2026-10-06_1303_115325,1303,南亞,BUY,做多,,RSI 布林反轉,"[{'key': 'rsi_reversal', 'name': 'RSI 布林反轉', 'reason': 'RSI 超賣且收盤低於布林下軌'}]",294.5,293.0,296.5,1000,11:53:25,closed,RSI 布林反轉：RSI 超賣且收盤低於布林下軌,296.5,12:00:53,hit_tp,1319.44,win
2026-10-06_2313_115719,2313,華通,SHORT,放空,,EMA 趨勢回檔,"[{'key': 'ema_pullback', 'name': 'EMA 趨勢回檔', 'reason': '空頭排列中反彈 EMA9 後轉弱'}]",251.0,252.0,249.5,1000,11:57:19,closed,EMA 趨勢回檔：空頭排列中反彈 EMA9 後轉弱,252.0,12:00:53,hit_sl,-1577.2,loss
2026-10-06_2317_115719,2317,鴻海,SHORT,放空,,EMA 趨勢回檔,"[{'key': 'ema_pullback', 'name': 'EMA 趨勢回檔', 'reason': '空頭排列中反彈 EMA9 後轉弱'}]",254.5,255.5,253.0,1000,11:57:19,closed,EMA 趨勢回檔：空頭排列中反彈 EMA9 後轉弱,255.5,12:24:27,hit_sl,-1585.24,loss
2026-10-06_2303_120243,2303,聯電,SHORT,放空,,EMA 趨勢回檔,"[{'key': 'ema_pullback', 'name': 'EMA 趨勢回檔', 'reason': '空頭排列中反彈 EMA9 後轉弱'}]",147.0,148.0,145.5,1000,12:02:43,closed,EMA 趨勢回檔：空頭排列中反彈 EMA9 後轉弱,148.0,13:19:25,hit_sl,-1338.2,loss
2026-10-06_1303_120243,1303,南亞,BUY,做多,,EMA 快慢線動能,"[{'key': 'ema_momentum', 'name': 'EMA 快慢線動能', 'reason': 'EMA9 上穿 EMA20 且位於 VWAP 上方'}]",297.0,295.5,299.0,1000,12:02:43,closed,EMA 快慢線動能：EMA9 上穿 EMA20 且位於 VWAP 上方,295.5,12:10:36,hit_sl,-2179.66,loss
2026-10-06_2313_120724,2313,華通,BUY,做多,,VWAP 動能突破,"[{'key': 'vwap_momentum', 'name': 'VWAP 動能突破', 'reason': '站回 VWAP 與 EMA20，量能確認'}, {'key': 'ema_pullback', 'name': 'EMA 趨勢回檔', 'reason': '多頭排列中回測 EMA9 後收復'}, {'key': 'range_breakout', 'name': '區間高低突破', 'reason': '放量突破前20根區間高點'}]",253.5,252.5,255.0,1000,12:07:24,closed,VWAP 動能突破：站回 VWAP 與 EMA20，量能確認；多頭排列中回測 EMA9 後收復；放量突破前20根區間高點,252.5,12:10:36,hit_sl,-1580.64,loss
2026-10-06_2313_121226,2313,華通,BUY,做多,,EMA 趨勢回檔,"[{'key': 'ema_pullback', 'name': 'EMA 趨勢回檔', 'reason': '多頭排列中回測 EMA9 後收復'}]",253.0,252.0,254.5,1000,12:12:26,closed,EMA 趨勢回檔：多頭排列中回測 EMA9 後收復,254.5,12:28:23,hit_tp,915.76,win
2026-10-06_6182_121226,6182,合晶,BUY,做多,,RSI 布林反轉,"[{'key': 'rsi_reversal', 'name': 'RSI 布林反轉', 'reason': 'RSI 超賣且收盤低於布林下軌'}]",128.5,127.5,129.5,1000,12:12:26,closed,RSI 布林反轉：RSI 超賣且收盤低於布林下軌,129.5,12:22:31,hit_tp,702.81,win
2026-10-06_1303_121726,1303,南亞,BUY,做多,,EMA 趨勢回檔,"[{'key': 'ema_pullback', 'name': 'EMA 趨勢回檔', 'reason': '多頭排列中回測 EMA9 後收復'}]",297.0,295.5,299.0,1000,12:17:26,closed,EMA 趨勢回檔：多頭排列中回測 EMA9 後收復,295.5,12:25:28,hit_sl,-2179.66,loss
2026-10-06_2313_122924,2313,華通,SHORT,放空,,RSI 布林反轉,"[{'key': 'rsi_reversal', 'name': 'RSI 布林反轉', 'reason': 'RSI 過熱且收盤高於布林上軌'}]",254.5,255.5,253.0,1000,12:29:24,closed,RSI 布林反轉：RSI 過熱且收盤高於布林上軌,253.0,12:37:27,hit_tp,915.76,win
2026-10-06_6182_124228,6182,合晶,SHORT,放空,,EMA 趨勢回檔,"[{'key': 'ema_pullback', 'name': 'EMA 趨勢回檔', 'reason': '空頭排列中反彈 EMA9 後轉弱'}]",129.0,130.0,128.0,1000,12:42:28,closed,EMA 趨勢回檔：空頭排列中反彈 EMA9 後轉弱,128.0,12:55:29,hit_tp,703.96,win
2026-10-06_2313_124425,2313,華通,BUY,做多,,EMA 趨勢回檔,"[{'key': 'ema_pullback', 'name': 'EMA 趨勢回檔', 'reason': '多頭排列中回測 EMA9 後收復'}, {'key': 'stochastic_trend', 'name': 'KD 順勢交叉', 'reason': 'KD 向上交叉並符合多頭趨勢'}]",253.5,252.5,255.0,1000,12:44:25,closed,EMA 趨勢回檔：多頭排列中回測 EMA9 後收復；KD 向上交叉並符合多頭趨勢,252.5,12:50:38,hit_sl,-1580.64,loss
2026-10-06_2409_124535,2409,友達,BUY,做多,,RSI 布林反轉,"[{'key': 'rsi_reversal', 'name': 'RSI 布林反轉', 'reason': 'RSI 超賣且收盤低於布林下軌'}]",37.2,37.05,37.45,1000,12:45:35,closed,RSI 布林反轉：RSI 超賣且收盤低於布林下軌,37.45,13:17:28,hit_tp,153.82,win
2026-10-06_2317_125038,2317,鴻海,SHORT,放空,,EMA 趨勢回檔,"[{'key': 'ema_pullback', 'name': 'EMA 趨勢回檔', 'reason': '空頭排列中反彈 EMA9 後轉弱'}]",255.5,256.5,254.0,1000,12:50:38,closed,EMA 趨勢回檔：空頭排列中反彈 EMA9 後轉弱,255.5,13:25:00,forced_close,-587.14,loss
2026-10-06_1303_125038,1303,南亞,BUY,做多,,RSI 布林反轉,"[{'key': 'rsi_reversal', 'name': 'RSI 布林反轉', 'reason': 'RSI 超賣且收盤低於布林下軌'}]",294.5,293.0,296.5,1000,12:50:38,closed,RSI 布林反轉：RSI 超賣且收盤低於布林下軌,293.0,12:54:27,hit_sl,-2173.91,loss
2026-10-06_2313_125327,2313,華通,BUY,做多,,RSI 布林反轉,"[{'key': 'rsi_reversal', 'name': 'RSI 布林反轉', 'reason': 'RSI 超賣且收盤低於布林下軌'}]",252.0,251.0,253.5,1000,12:53:27,closed,RSI 布林反轉：RSI 超賣且收盤低於布林下軌,251.5,13:25:00,forced_close,-1078.15,loss
2026-10-06_1303_125529,1303,南亞,BUY,做多,,RSI 布林反轉,"[{'key': 'rsi_reversal', 'name': 'RSI 布林反轉', 'reason': 'RSI 超賣且收盤低於布林下軌'}]",293.0,291.5,295.0,1000,12:55:29,closed,RSI 布林反轉：RSI 超賣且收盤低於布林下軌,295.0,13:02:39,hit_tp,1322.89,win
